{"cameraMode":{"drawMode":0,"name":"Shaded","section":"Shading Mode"},"sceneLighting":true,"audioPlay":false,"sceneViewState":{"showFog":true,"showMaterialUpdate":true,"showSkybox":true,"showFlares":true,"showImageEffects":true,"showParticleSystems":true},"in2DMode":false,"pivot":{"x":0.5420231819152832,"y":-4.481746673583984,"z":-3.372699737548828},"rotation":{"x":-0.5697067379951477,"y":0.02024121955037117,"z":-0.013939854688942433,"w":-0.8215641975402832},"size":64.82987213134766,"orthographic":false}