{"cameraMode":{"drawMode":0,"name":"Shaded","section":"Shading Mode"},"sceneLighting":false,"audioPlay":false,"sceneViewState":{"showFog":true,"showMaterialUpdate":true,"showSkybox":true,"showFlares":true,"showImageEffects":true,"showParticleSystems":true},"in2DMode":false,"pivot":{"x":-5.960464477539063e-8,"y":1.179999828338623,"z":7.599999904632568},"rotation":{"x":-0.32553279399871828,"y":-0.483011394739151,"z":0.19965998828411103,"w":-0.7880285382270813},"size":4.041658878326416,"orthographic":false}